Time,V1,V2,V3,V4,V5,V6,V7,V8,V9,V10,V11,V12,V13,V14,V15,V16,V17,V18,V19,V20,V21,V22,V23,V24,V25,V26,V27,V28,Amount,Class,Time_day,Time_hr
83329,-0.525264408092718,0.934719005185066,1.5976251308002,-0.127425127569825,0.120248237234962,-0.614161721573268,0.587662881067011,0.0538444173034827,-0.739398373469319,-0.154668923540898,1.39936304816925,0.964598902650456,0.5510920137556,0.223485631845933,0.0854663100588922,0.365474564309799,-0.677330026110049,0.0736273809430507,0.300040124459631,0.177169946169283,-0.160147661361465,-0.439163934681394,-0.0172665552175081,0.325880072460471,-0.198369616661505,0.0518065474882005,0.261074759341469,0.114172796233478,5.57,0,83329,24
